Tarih,Toplam Vaka,Günlük Vaka,Toplam_Hasta,Gunluk_Hasta,Toplam_Vefat,Gunluk_Vefat,Toplam_iyilesen,Gunluk_iyilesen,Toplam_Test,Gunluk_Test,YBU,Entube,Ağır Hasta,yatak_doluluk_orani,eriskin_yogun_bakim_doluluk_orani,ventilator_doluluk_orani
11.03.2020,1,0,1,1,0,0,0,0,940,940,0,0,0,0,0,
12.03.2020,1,0,1,0,0,0,0,0,2.470,1.530,0,0,0,0,0,
13.03.2020,5,0,2,1,0,0,0,0,4.000,1.530,0,0,0,0,0,
14.03.2020,6,0,5,3,0,0,0,0,5.000,1.000,0,0,0,0,0,
15.03.2020,18,0,18,13,0,0,0,0,6.000,1.000,0,0,0,0,0,
16.03.2020,47,0,47,29,0,0,0,0,7.000,1.000,0,0,0,0,0,
17.03.2020,98,0,98,51,1,1,0,0,8.002,1.002,0,0,0,0,0,
18.03.2020,191,0,191,93,2,1,0,0,10.000,1.998,0,0,0,0,0,
19.03.2020,359,0,359,168,4,2,0,0,11.981,1.981,0,0,0,0,0,
20.03.2020,670,0,670,311,9,5,0,0,15.637,3.656,0,0,0,0,0,
21.03.2020,947,0,947,277,21,12,0,0,18.590,2.953,0,0,0,0,0,
22.03.2020,1.236,0,1.236,289,30,9,0,0,20.345,1.755,0,0,0,0,0,
23.03.2020,1.529,0,1.529,293,37,7,0,0,24.017,3.672,0,0,0,0,0,
24.03.2020,1.872,0,1.872,343,44,7,0,0,27.969,3.952,0,0,0,0,0,
25.03.2020,2.433,0,2.433,561,59,15,0,0,33.004,5.035,0,0,0,0,0,
26.03.2020,3.629,0,3.629,1.196,75,16,0,0,40.290,7.286,0,0,0,0,0,
27.03.2020,5.698,0,5.698,2.069,92,17,42,42,47.823,7.533,344,241,0,0,0,
28.03.2020,7.402,0,7.402,1.704,108,16,70,28,55.464,7.641,445,309,0,0,0,
29.03.2020,9.217,0,9.217,1.815,131,23,105,35,65.446,9.982,568,394,0,0,0,
30.03.2020,10.827,0,10.827,1.610,168,37,162,57,76.981,11.535,725,523,0,0,0,
31.03.2020,13.531,0,13.531,2.704,214,46,243,81,92.403,15.422,847,622,0,0,0,
01.04.2020,15.679,0,15.679,2.148,277,63,333,90,106.799,14.396,979,692,0,0,0,
02.04.2020,18.135,0,18.135,2.456,356,79,415,82,125.556,18.757,1.101,783,0,0,0,
03.04.2020,20.921,0,20.921,2.786,425,69,484,69,141.716,16.160,1.251,867,0,0,0,
04.04.2020,23.934,0,23.934,3.013,501,76,786,302,161.380,19.664,1.311,909,0,0,0,
05.04.2020,27.069,0,27.069,3.135,574,73,1.042,256,181.445,20.065,1.381,935,0,0,0,
06.04.2020,30.217,0,30.217,3.148,649,75,1.326,284,202.845,21.400,1.415,966,0,0,0,
07.04.2020,34.109,0,34.109,3.892,725,76,1.582,256,222.868,20.023,1.474,987,0,0,0,
08.04.2020,38.226,0,38.226,4.117,812,87,1.846,264,247.768,24.900,1.492,995,0,0,0,
09.04.2020,42.282,0,42.282,4.056,908,96,2.142,296,276.346,28.578,1.552,1.017,0,0,0,
10.04.2020,47.029,0,47.029,4.747,1.006,98,2.423,281,307.210,30.864,1.667,1.062,0,0,0,
11.04.2020,52.167,0,52.167,5.138,1.101,95,2.965,542,340.380,33.170,1.626,1.021,0,0,0,
12.04.2020,56.956,0,56.956,4.789,1.198,97,3.446,481,376.100,35.720,1.665,978,0,0,0,
13.04.2020,61.049,0,61.049,4.093,1.296,98,3.957,511,410.556,34.456,1.786,1.063,0,0,0,
14.04.2020,65.111,0,65.111,4.062,1.403,107,4.799,842,443.626,33.070,1.809,1.087,0,0,0,
15.04.2020,69.392,0,69.392,4.281,1.518,115,5.674,875,477.716,34.090,1.820,1.052,0,0,0,
16.04.2020,74.193,0,74.193,4.801,1.643,125,7.089,1.415,518.143,40.427,1.854,1.040,0,0,0,
17.04.2020,78.546,0,78.546,4.353,1.769,126,8.631,1.542,558.413,40.270,1.845,1.014,0,0,0,
18.04.2020,82.329,0,82.329,3.783,1.890,121,10.453,1.822,598.933,40.520,1.894,1.054,0,0,0,
19.04.2020,86.306,0,86.306,3.977,2.017,127,11.976,1.523,634.277,35.344,1.922,1.031,0,0,0,
20.04.2020,90.980,0,90.980,4.674,2.140,123,13.430,1.454,673.980,39.703,1.909,1.033,0,0,0,
21.04.2020,95.591,0,95.591,4.611,2.259,119,14.918,1.488,713.409,39.429,1.865,1.006,0,0,0,
22.04.2020,98.674,0,98.674,3.083,2.376,117,16.477,1.559,750.944,37.535,1.814,985,0,0,0,
23.04.2020,101.790,0,101.790,3.116,2.491,115,18.491,2.014,791.906,40.962,1.816,982,0,0,0,
24.04.2020,104.912,0,104.912,3.122,2.600,109,21.737,3.246,830.257,38.351,1.790,929,0,0,0,
25.04.2020,107.773,0,107.773,2.861,2.706,106,25.582,3.845,868.565,38.308,1.782,900,0,0,0,
26.04.2020,110.130,0,110.130,2.357,2.805,99,29.140,3.558,898.742,30.177,1.776,883,0,0,0,
27.04.2020,112.261,0,112.261,2.131,2.900,95,33.791,4.651,918.885,20.143,1.736,882,0,0,0,
28.04.2020,114.653,0,114.653,2.392,2.992,92,38.809,5.018,948.115,29.230,1.621,845,0,0,0,
29.04.2020,117.589,0,117.589,2.936,3.081,89,44.040,5.231,991.613,43.498,1.574,831,0,0,0,
30.04.2020,120.204,0,120.204,2.615,3.174,93,48.886,4.846,1.033.617,42.004,1.514,803,0,0,0,
01.05.2020,122.392,0,122.392,2.188,3.258,84,53.808,4.922,1.075.048,41.431,1.480,818,0,0,0,
02.05.2020,124.375,0,124.375,1.983,3.336,78,58.259,4.451,1.111.366,36.318,1.445,778,0,0,0,
03.05.2020,126.045,0,126.045,1.670,3.397,61,63.151,4.892,1.135.367,24.001,1.424,766,0,0,0,
04.05.2020,127.659,0,127.659,1.614,3.461,64,68.166,5.015,1.171.138,35.771,1.384,727,0,0,0,
05.05.2020,129.491,0,129.491,1.832,3.520,59,73.285,5.119,1.204.421,33.283,1.338,707,0,0,0,
06.05.2020,131.744,0,131.744,2.253,3.584,64,78.202,4.917,1.234.724,30.303,1.278,669,0,0,0,
07.05.2020,133.721,0,133.721,1.977,3.641,57,82.984,4.782,1.265.119,30.395,1.260,665,0,0,0,
08.05.2020,135.569,0,135.569,1.848,3.689,48,86.396,3.412,1.298.806,33.687,1.219,653,0,0,0,
09.05.2020,137.115,0,137.115,1.546,3.739,50,89.480,3.084,1.334.411,35.605,1.168,628,0,0,0,
10.05.2020,138.657,0,138.657,1.542,3.786,47,92.691,3.211,1.370.598,36.187,1.154,598,0,0,0,
11.05.2020,139.771,0,139.771,1.114,3.841,55,95.780,3.089,1.403.320,32.722,1.126,578,0,0,0,
12.05.2020,141.475,0,141.475,1.704,3.894,53,98.889,3.109,1.440.671,37.351,1.045,576,0,0,0,
13.05.2020,143.114,0,143.114,1.639,3.952,58,101.715,2.826,1.474.003,33.332,998,535,0,0,0,
14.05.2020,144.749,0,144.749,1.635,4.007,55,104.030,2.315,1.508.824,34.821,963,508,0,0,0,
15.05.2020,146.457,0,146.457,1.708,4.055,48,106.133,2.103,1.547.389,38.565,944,490,0,0,0,
16.05.2020,148.067,0,148.067,1.610,4.096,41,108.137,2.004,1.589.625,42.236,906,474,0,0,0,
17.05.2020,149.435,0,149.435,1.368,4.140,44,109.962,1.825,1.624.994,35.369,914,468,0,0,0,
18.05.2020,150.593,0,150.593,1.158,4.171,31,111.577,1.615,1.650.135,25.141,903,463,0,0,0,
19.05.2020,151.615,0,151.615,1.022,4.199,28,112.895,1.318,1.675.517,25.382,882,455,0,0,0,
20.05.2020,152.587,0,152.587,972,4.222,23,113.987,1.092,1.696.355,20.838,877,445,0,0,0,
21.05.2020,153.548,0,153.548,961,4.249,27,114.990,1.003,1.729.988,33.633,820,424,0,0,0,
22.05.2020,154.500,0,154.500,952,4.276,27,116.111,1.121,1.767.495,37.507,800,401,0,0,0,
23.05.2020,155.686,0,155.686,1.186,4.308,32,117.602,1.491,1.807.673,40.178,775,388,0,0,0,
24.05.2020,156.827,0,156.827,1.141,4.340,32,118.694,1.092,1.832.262,24.589,769,385,0,0,0,
25.05.2020,157.814,0,157.814,987,4.369,29,120.015,1.321,1.853.754,21.492,756,371,0,0,0,
26.05.2020,158.762,0,158.762,948,4.397,28,121.507,1.492,1.873.607,19.853,739,338,0,0,0,
27.05.2020,159.797,0,159.797,1.035,4.431,34,122.793,1.286,1.894.650,21.043,723,331,0,0,0,
28.05.2020,160.979,0,160.979,1.182,4.461,30,124.369,1.576,1.928.209,33.559,683,339,0,0,0,
29.05.2020,162.120,0,162.120,1.141,4.489,28,125.963,1.594,1.964.364,36.155,662,324,0,0,0,
30.05.2020,163.103,0,163.103,983,4.515,26,126.984,1.021,2.003.594,39.230,649,308,0,0,0,
31.05.2020,163.942,0,163.942,839,4.540,25,127.973,989,2.039.194,35.600,648,287,0,0,0,
01.06.2020,164.769,0,164.769,827,4.563,23,128.947,974,2.070.719,31.525,651,283,0,0,0,
02.06.2020,165.555,0,165.555,786,4.585,22,129.921,974,2.103.044,32.325,633,271,0,0,0,
03.06.2020,166.422,0,166.422,867,4.609,24,130.852,931,2.155.349,52.305,612,261,0,0,0,
04.06.2020,167.410,0,167.410,988,4.630,21,131.778,926,2.209.583,54.234,602,265,0,0,0,
05.06.2020,168.340,0,168.340,930,4.648,18,133.400,1.622,2.267.412,57.829,592,269,0,0,0,
06.06.2020,169.218,0,169.218,878,4.669,21,135.322,1.922,2.303.258,35.846,591,264,0,0,0,
07.06.2020,170.132,0,170.132,914,4.692,23,137.969,2.647,2.338.593,35.335,613,274,0,0,0,
08.06.2020,171.121,0,171.121,989,4.711,19,141.380,3.411,2.377.954,39.361,625,261,0,0,0,
09.06.2020,172.114,0,172.114,993,4.729,18,144.598,3.218,2.415.179,37.225,642,281,0,0,0,
10.06.2020,173.036,0,173.036,922,4.746,17,146.839,2.241,2.451.700,36.521,631,280,0,0,0,
11.06.2020,174.023,0,174.023,987,4.763,17,147.860,1.021,2.500.890,49.190,643,266,0,0,0,
12.06.2020,175.218,0,175.218,1.195,4.778,15,149.102,1.242,2.541.903,41.013,664,282,0,0,0,
13.06.2020,176.677,0,176.677,1.459,4.792,14,150.087,985,2.586.995,45.092,684,284,0,0,0,
14.06.2020,178.239,0,178.239,1.562,4.807,15,151.417,1.330,2.632.171,45.176,717,290,0,0,0,
15.06.2020,179.831,0,179.831,1.592,4.825,18,152.364,947,2.674.203,42.032,722,291,0,0,0,
16.06.2020,181.298,0,181.298,1.467,4.842,17,153.379,1.015,2.721.003,46.800,732,303,0,0,0,
17.06.2020,182.727,0,182.727,1.429,4.861,19,154.640,1.261,2.773.904,52.901,745,306,0,0,0,
18.06.2020,184.031,0,184.031,1.304,4.882,21,156.022,1.382,2.822.316,48.412,755,311,0,0,0,
19.06.2020,185.245,0,185.245,1.214,4.905,23,157.516,1.494,2.863.632,41.316,769,310,0,0,0,
20.06.2020,186.493,0,186.493,1.248,4.927,22,158.828,1.312,2.904.744,41.112,781,318,0,0,0,
21.06.2020,187.685,0,187.685,1.192,4.950,23,160.240,1.412,2.945.240,40.496,803,327,0,0,0,
22.06.2020,188.897,0,188.897,1.212,4.974,24,161.533,1.293,2.986.653,41.413,846,345,0,0,0,
23.06.2020,190.165,0,190.165,1.268,5.001,27,162.848,1.315,3.029.635,42.982,893,362,0,0,0,
24.06.2020,191.657,0,191.657,1.492,5.025,24,164.234,1.386,3.083.121,53.486,914,356,0,0,0,
25.06.2020,193.115,0,193.115,1.458,5.046,21,165.706,1.472,3.135.424,52.303,941,369,0,0,0,
26.06.2020,194.511,0,194.511,1.396,5.065,19,167.198,1.492,3.186.622,51.198,963,382,0,0,0,
27.06.2020,195.883,0,195.883,1.372,5.082,17,169.182,1.984,3.231.835,45.213,984,366,0,0,0,
28.06.2020,197.239,0,197.239,1.356,5.097,15,170.595,1.413,3.280.144,48.309,996,381,0,0,0,
29.06.2020,198.613,0,198.613,1.374,5.115,18,171.809,1.214,3.331.158,51.014,1.018,375,0,0,0,
30.06.2020,199.906,0,199.906,1.293,5.131,16,173.111,1.302,3.381.650,50.492,1.026,368,0,0,0,
01.07.2020,201.098,0,201.098,1.192,5.150,19,175.422,2.311,3.433.963,52.313,1.035,362,0,0,0,
02.07.2020,202.284,0,202.284,1.186,5.167,17,176.965,1.543,3.483.677,49.714,1.067,372,0,0,0,
03.07.2020,203.456,0,203.456,1.172,5.186,19,178.278,1.313,3.535.818,52.141,1.082,374,0,0,0,
04.07.2020,204.610,0,204.610,1.154,5.206,20,179.492,1.214,3.584.066,48.248,1.093,378,0,0,0,
05.07.2020,205.758,0,205.758,1.148,5.225,19,180.680,1.188,3.630.480,46.414,1.127,392,0,0,0,
06.07.2020,206.844,0,206.844,1.086,5.241,16,182.995,2.315,3.682.673,52.193,1.130,395,0,0,0,
07.07.2020,207.897,0,207.897,1.053,5.260,19,185.292,2.297,3.733.218,50.545,1.152,400,0,0,0,
08.07.2020,208.938,0,208.938,1.041,5.282,22,187.511,2.219,3.782.520,49.302,1.172,406,0,0,0,
09.07.2020,209.962,0,209.962,1.024,5.300,18,190.390,2.879,3.832.623,50.103,1.179,399,0,0,0,
10.07.2020,210.965,0,210.965,1.003,5.323,23,191.883,1.493,3.881.410,48.787,1.182,402,0,0,0,
11.07.2020,211.981,0,211.981,1.016,5.344,21,193.217,1.334,3.930.223,48.813,1.194,401,0,0,0,
12.07.2020,212.993,0,212.993,1.012,5.363,19,194.515,1.298,3.975.455,45.232,1.209,409,0,0,0,
13.07.2020,214.001,0,214.001,1.008,5.382,19,195.671,1.156,4.021.947,46.492,1.223,402,0,0,0,
14.07.2020,214.993,0,214.993,992,5.402,20,196.720,1.049,4.065.178,43.231,1.204,396,0,0,0,
15.07.2020,215.940,0,215.940,947,5.419,17,197.733,1.013,4.107.498,42.320,1.206,401,0,0,0,
16.07.2020,216.873,0,216.873,933,5.440,21,198.820,1.087,4.149.909,42.411,1.213,394,0,0,0,
17.07.2020,217.799,0,217.799,926,5.458,18,199.834,1.014,4.191.124,41.215,1.226,402,0,0,0,
18.07.2020,218.717,0,218.717,918,5.475,17,201.013,1.179,4.232.067,40.943,1.231,394,0,0,0,
19.07.2020,219.641,0,219.641,924,5.491,16,202.010,997,4.273.377,41.310,1.246,398,0,0,0,
20.07.2020,220.572,0,220.572,931,5.508,17,203.002,992,4.316.781,43.404,1.243,385,0,0,0,
21.07.2020,221.500,0,221.500,928,5.526,18,204.011,1.009,4.359.627,42.846,1.246,379,0,0,0,
22.07.2020,222.402,0,222.402,902,5.545,19,205.214,1.203,4.403.031,43.404,1.244,381,0,0,0,
23.07.2020,223.315,0,223.315,913,5.563,18,206.365,1.151,4.446.374,43.343,1.251,378,0,0,0,
24.07.2020,224.252,0,224.252,937,5.580,17,207.374,1.009,4.489.360,42.986,1.248,379,0,0,0,
25.07.2020,225.173,0,225.173,921,5.596,16,208.477,1.103,4.532.672,43.312,1.252,386,0,0,0,
26.07.2020,226.100,0,226.100,927,5.613,17,209.487,1.010,4.572.688,40.016,1.249,387,0,0,0,
27.07.2020,227.019,0,227.019,919,5.630,17,210.469,982,4.617.971,45.283,1.263,392,0,0,0,
28.07.2020,227.982,0,227.982,963,5.645,15,211.561,1.092,4.665.383,47.412,1.280,403,0,0,0,
29.07.2020,228.924,0,228.924,942,5.659,14,212.557,996,4.711.095,45.712,0,0,542,0,0,
30.07.2020,229.891,0,229.891,967,5.674,15,213.539,982,4.754.331,43.236,0,0,561,0,0,
31.07.2020,230.873,0,230.873,982,5.691,17,214.535,996,4.800.823,46.492,0,0,582,0,0,
01.08.2020,231.869,0,231.869,996,5.710,19,215.516,981,4.845.669,44.846,0,0,586,0,0,
02.08.2020,232.856,0,232.856,987,5.728,18,216.494,978,4.885.916,40.247,0,0,582,0,0,
03.08.2020,233.851,0,233.851,995,5.747,19,217.497,1.003,4.927.217,41.301,0,0,580,0,0,
04.08.2020,234.934,0,234.934,1.083,5.765,18,218.491,994,4.973.466,46.249,0,0,583,0,0,
05.08.2020,236.112,0,236.112,1.178,5.784,19,219.506,1.015,5.027.308,53.842,0,0,582,0,0,
06.08.2020,237.265,0,237.265,1.153,5.798,14,220.546,1.040,5.081.802,54.494,0,0,580,0,0,
07.08.2020,238.450,0,238.450,1.185,5.813,15,221.574,1.028,5.138.528,56.726,0,0,586,0,0,
08.08.2020,239.622,0,239.622,1.172,5.829,16,222.656,1.082,5.202.370,63.842,0,0,587,0,0,
09.08.2020,240.804,0,240.804,1.182,5.844,15,223.759,1.103,5.263.816,61.446,0,0,596,0,0,
10.08.2020,241.997,0,241.997,1.193,5.858,14,224.970,1.211,5.326.035,62.219,0,0,603,0,0,
11.08.2020,243.180,0,243.180,1.183,5.873,15,226.155,1.185,5.387.751,61.716,0,0,617,0,0,
12.08.2020,244.392,0,244.392,1.212,5.891,18,227.089,934,5.454.988,67.237,0,0,632,0,0,
13.08.2020,245.635,0,245.635,1.243,5.912,21,228.057,968,5.521.880,66.892,0,0,647,0,0,
14.08.2020,246.861,0,246.861,1.226,5.934,22,228.980,923,5.592.072,70.192,0,0,656,0,0,
15.08.2020,248.117,0,248.117,1.256,5.955,21,229.972,992,5.659.286,67.214,0,0,668,0,0,
16.08.2020,249.309,0,249.309,1.192,5.974,19,230.969,997,5.725.242,65.956,0,0,679,0,0,
17.08.2020,250.542,0,250.542,1.233,5.996,22,231.971,1.002,5.800.088,74.846,0,0,686,0,0,
18.08.2020,251.805,0,251.805,1.263,6.016,20,232.913,942,5.882.406,82.318,0,0,703,0,0,
19.08.2020,253.108,0,253.108,1.303,6.039,23,233.915,1.002,5.969.629,87.223,0,0,719,0,0,
20.08.2020,254.520,0,254.520,1.412,6.058,19,234.797,882,6.061.930,92.301,0,0,735,0,0,
21.08.2020,255.723,0,255.723,1.203,6.080,22,235.569,772,6.154.157,92.227,0,0,749,0,0,
22.08.2020,257.032,0,257.032,1.309,6.102,22,236.370,801,6.247.164,93.007,0,0,762,0,0,
23.08.2020,258.249,0,258.249,1.217,6.121,19,237.165,795,6.327.466,80.302,0,0,783,0,0,
24.08.2020,259.692,0,259.692,1.443,6.139,18,237.908,743,6.423.409,95.943,0,0,796,0,0,
25.08.2020,261.194,0,261.194,1.502,6.163,24,238.795,887,6.521.640,98.231,0,0,811,0,0,
26.08.2020,262.507,0,262.507,1.313,6.183,20,239.797,1.002,6.621.749,100.109,0,0,841,0,0,
27.08.2020,263.998,0,263.998,1.491,6.209,26,240.792,995,6.727.860,106.111,0,0,862,0,0,
28.08.2020,265.515,0,265.515,1.517,6.245,36,241.809,1.017,6.835.674,107.814,0,0,896,0,0,
29.08.2020,267.064,0,267.064,1.549,6.284,39,242.812,1.003,6.937.088,101.414,0,0,917,0,0,
30.08.2020,268.546,0,268.546,1.482,6.326,42,243.839,1.027,7.028.390,91.302,0,0,945,0,0,
31.08.2020,270.133,0,270.133,1.587,6.370,44,244.926,1.087,7.138.492,110.102,0,0,961,0,0,
01.09.2020,271.705,0,271.705,1.572,6.417,47,245.929,1.003,7.247.935,109.443,0,0,991,0,0,
02.09.2020,273.301,0,273.301,1.596,6.462,45,246.876,947,7.355.862,107.927,0,0,1.017,0,0,
03.09.2020,274.943,0,274.943,1.642,6.511,49,248.087,1.211,7.466.087,110.225,0,0,1.041,0,0,
04.09.2020,276.555,0,276.555,1.612,6.564,53,249.108,1.021,7.583.200,117.113,0,0,1.076,0,0,
05.09.2020,278.228,0,278.228,1.673,6.620,56,250.092,984,7.682.697,99.497,0,0,1.091,0,0,
06.09.2020,279.806,0,279.806,1.578,6.673,53,251.105,1.013,7.779.539,96.842,0,0,1.102,0,0,
07.09.2020,281.509,0,281.509,1.703,6.730,57,252.152,1.047,7.883.464,103.925,0,0,1.118,0,0,
08.09.2020,283.270,0,283.270,1.761,6.782,52,253.245,1.093,7.994.029,110.565,0,0,1.159,0,0,
09.09.2020,284.943,0,284.943,1.673,6.837,55,254.188,943,8.105.222,111.193,0,0,1.181,0,0,
10.09.2020,286.455,0,286.455,1.512,6.895,58,255.407,1.219,8.212.924,107.702,0,0,1.209,0,0,
11.09.2020,288.126,0,288.126,1.671,6.951,56,256.524,1.117,8.325.137,112.213,0,0,1.223,0,0,
12.09.2020,289.635,0,289.635,1.509,6.999,48,257.731,1.207,8.423.463,98.326,0,0,1.241,0,0,
13.09.2020,291.162,0,291.162,1.527,7.056,57,258.833,1.102,8.519.560,96.097,0,0,1.267,0,0,
14.09.2020,292.878,0,292.878,1.716,7.119,63,260.058,1.225,8.632.123,112.563,0,0,1.301,0,0,
15.09.2020,294.620,0,294.620,1.742,7.186,67,261.260,1.202,8.742.535,110.412,0,0,1.327,0,0,
16.09.2020,296.391,0,296.391,1.771,7.249,63,262.602,1.342,8.855.180,112.645,0,0,1.351,0,0,
17.09.2020,298.039,0,298.039,1.648,7.315,66,263.745,1.143,8.965.165,109.985,0,0,1.372,0,0,
18.09.2020,299.810,0,299.810,1.771,7.377,62,264.805,1.060,9.076.278,111.113,0,0,1.402,0,0,
19.09.2020,301.348,0,301.348,1.538,7.445,68,266.117,1.312,9.173.694,97.416,0,0,1.432,0,0,
20.09.2020,302.867,0,302.867,1.519,7.506,61,267.233,1.116,9.269.015,95.321,0,0,1.456,0,0,
21.09.2020,304.610,0,304.610,1.743,7.574,68,268.435,1.202,9.381.957,112.942,0,0,1.491,0,0,
22.09.2020,306.302,0,306.302,1.692,7.639,65,269.696,1.261,9.496.268,114.311,0,0,1.522,0,0,
23.09.2020,308.069,0,308.069,1.767,7.711,72,270.723,1.027,9.608.370,112.102,0,0,1.561,0,0,
24.09.2020,309.790,0,309.790,1.721,7.785,74,271.964,1.241,9.721.687,113.317,0,0,1.573,0,0,
25.09.2020,311.455,0,311.455,1.665,7.858,73,273.282,1.318,9.834.572,112.885,0,0,1.601,0,0,
26.09.2020,312.966,0,312.966,1.511,7.929,71,274.514,1.232,9.936.581,102.009,0,0,1.615,0,0,
27.09.2020,314.433,0,314.433,1.467,7.997,68,275.630,1.116,10.037.700,101.119,0,0,1.583,0,0,
28.09.2020,315.845,0,315.845,1.412,8.062,65,277.052,1.422,10.153.223,115.523,0,0,1.596,0,
29.09.2020,317.272,0,317.272,1.427,8.130,68,278.504,1.452,10.268.163,114.940,0,0,1.583,0,0,
30.09.2020,318.663,0,318.663,1.391,8.195,65,279.749,1.245,10.380.261,112.098,0,0,1.516,0,0,
01.10.2020,320.070,0,320.070,1.407,8.262,67,281.151,1.402,10.493.807,113.546,0,0,1.507,0,0,
02.10.2020,321.512,0,321.512,1.442,8.325,63,282.657,1.506,10.608.664,114.857,0,0,1.455,0,0,
03.10.2020,323.014,0,323.014,1.502,8.384,59,283.868,1.211,10.711.883,103.219,0,0,1.470,0,0,
04.10.2020,324.443,0,324.443,1.429,8.441,57,285.050,1.182,10.816.285,104.402,0,0,1.475,0,0,
05.10.2020,326.046,0,326.046,1.603,8.498,57,286.370,1.320,10.931.917,115.632,0,0,1.412,0,0,
06.10.2020,327.557,0,327.557,1.511,8.553,55,287.599,1.229,11.044.338,112.421,0,0,1.414,0,0,
07.10.2020,329.138,0,329.138,1.581,8.609,56,288.954,1.355,11.160.946,116.608,0,0,1.411,0,0,
08.10.2020,330.753,0,330.753,1.615,8.667,58,290.352,1.398,11.278.047,117.101,0,0,1.403,0,0,
09.10.2020,332.382,0,332.382,1.629,8.722,55,291.754,1.402,11.393.342,115.295,0,0,1.398,0,0,
10.10.2020,334.031,0,334.031,1.649,8.778,56,293.145,1.391,11.506.444,113.102,0,0,1.414,0,0,
11.10.2020,335.533,0,335.533,1.502,8.837,59,294.357,1.212,11.615.745,109.301,0,0,1.411,0,0,
12.10.2020,337.147,0,337.147,1.614,8.895,58,295.658,1.301,11.731.350,115.605,0,0,1.417,0,0,
13.10.2020,338.779,0,338.779,1.632,8.957,62,296.972,1.314,11.846.342,114.992,0,0,1.416,0,0,
14.10.2020,340.450,0,340.450,1.671,9.014,57,298.368,1.396,11.961.670,115.328,0,0,1.418,0,0,
15.10.2020,342.143,0,342.143,1.693,9.080,66,299.679,1.311,12.077.773,116.103,0,0,1.408,0,0,
16.10.2020,343.955,0,343.955,1.812,9.153,73,301.098,1.419,12.194.778,117.005,0,0,1.445,0,0,
17.10.2020,345.678,0,345.678,1.723,9.224,71,302.499,1.401,12.306.909,112.131,0,0,1.428,0,0,
18.10.2020,347.493,0,347.493,1.815,9.296,72,304.003,1.504,12.408.312,101.403,0,0,1.427,0,0,
19.10.2020,349.519,0,349.451,1.958,9.371,75,305.427,1.424,12.524.561,116.249,0,0,1.447,0,0,
20.10.2020,351.413,0,351.345,1.894,9.445,74,306.939,1.512,12.641.126,116.565,0,0,1.545,0,0,
21.10.2020,353.426,0,353.358,2.013,9.513,68,308.446,1.507,12.759.069,117.943,0,0,1.504,0,0,
22.10.2020,355.528,0,355.460,2.102,9.584,71,310.027,1.581,12.876.267,117.198,0,0,1.599,0,0,
23.10.2020,357.693,0,357.625,2.165,9.658,74,311.520,1.493,12.992.246,115.979,0,0,1.648,0,0,
24.10.2020,359.784,0,359.716,2.091,9.727,69,313.093,1.573,13.105.673,113.427,0,0,1.699,0,0,
25.10.2020,361.801,0,361.733,2.017,9.799,72,314.390,1.297,13.217.888,112.215,0,0,1.744,0,0,
26.10.2020,363.999,0,363.931,2.198,9.874,75,316.008,1.618,13.350.801,132.913,0,0,1.780,0,0,
27.10.2020,366.208,0,366.140,2.209,9.950,76,317.519,1.511,13.478.452,127.651,0,0,1.827,0,0,
28.10.2020,368.513,0,368.445,2.305,10.027,77,319.181,1.662,13.606.764,128.312,0,0,1.836,0,0,
29.10.2020,370.832,0,370.764,2.319,10.099,72,320.762,1.581,13.741.180,134.416,0,0,1.916,0,0,
30.10.2020,373.154,0,373.086,2.322,10.177,78,322.465,1.703,13.877.705,136.525,0,0,1.966,0,0,
31.10.2020,375.367,0,375.299,2.213,10.252,75,323.971,1.506,14.001.814,124.109,0,0,2.075,0,0,
01.11.2020,377.473,0,377.405,2.106,10.326,74,325.486,1.515,14.125.157,123.343,0,0,2.177,0,0,
02.11.2020,379.775,0,379.707,2.302,10.402,76,327.007,1.521,14.264.260,139.103,0,0,2.341,0,0,
03.11.2020,382.118,0,382.050,2.343,10.481,79,328.824,1.817,14.410.507,146.247,0,0,2.386,0,0,
04.11.2020,384.509,0,384.441,2.391,10.558,77,330.665,1.841,14.554.923,144.416,0,0,2.464,0,0,
05.11.2020,386.820,0,386.752,2.311,10.639,81,332.379,1.714,14.700.951,146.028,0,0,2.564,0,0,
06.11.2020,389.256,0,389.188,2.436,10.722,83,334.293,1.914,14.846.192,145.241,0,0,2.654,0,0,
07.11.2020,391.739,0,391.671,2.483,10.803,81,336.221,1.928,14.985.867,139.675,0,0,2.730,0,0,
08.11.2020,394.255,0,394.187,2.516,10.887,84,338.239,2.018,15.127.811,141.944,0,0,2.740,0,0,
09.11.2020,396.831,0,396.763,2.576,10.972,85,340.286,2.047,15.273.222,145.411,0,0,2.867,0,0,
10.11.2020,399.360,0,399.292,2.529,11.059,87,342.501,2.215,15.419.420,146.198,0,0,3.001,0,0,
11.11.2020,402.053,0,401.985,2.693,11.145,86,344.613,2.112,15.565.409,145.989,0,0,3.095,0,0,
12.11.2020,404.894,0,404.826,2.841,11.233,88,346.794,2.181,15.713.891,148.482,0,0,3.230,0,0,
13.11.2020,407.939,0,407.871,3.045,11.326,93,348.804,2.010,15.863.833,149.942,0,0,3.356,0,0,
14.11.2020,411.055,0,410.987,3.116,11.418,92,351.102,2.298,16.013.974,150.141,0,0,3.423,0,0,
15.11.2020,414.278,0,414.210,3.223,11.507,89,353.663,2.561,16.156.470,142.496,0,0,3.439,0,0,
16.11.2020,417.594,0,417.526,3.316,11.601,94,356.375,2.712,16.307.986,151.516,0,0,3.610,0,0,
17.11.2020,421.413,0,421.345,3.819,11.704,103,359.063,2.688,16.464.678,156.692,0,0,3.657,0,0,
18.11.2020,425.628,0,425.560,4.215,11.820,116,361.655,2.592,16.623.489,158.811,0,0,3.742,0,0,
19.11.2020,430.170,0,430.102,4.542,11.943,123,364.573,2.918,16.781.245,157.756,0,0,3.850,0,0,
20.11.2020,435.273,0,435.205,5.103,12.084,141,367.592,3.019,16.937.887,156.642,0,0,3.990,0,0,
21.11.2020,440.805,0,440.737,5.532,12.219,135,370.825,3.233,17.090.101,152.214,0,0,4.121,0,0,
22.11.2020,446.822,0,446.754,6.017,12.358,139,374.637,3.812,17.245.617,155.516,0,0,4.217,0,0,
23.11.2020,453.535,0,453.467,6.713,12.511,153,377.891,3.254,17.406.742,161.125,0,0,4.409,0,0,
24.11.2020,460.916,0,460.848,7.381,12.672,161,381.569,3.678,17.568.973,162.231,0,0,4.543,0,0,
25.11.2020,467.730,28.351,467.662,6.814,12.840,168,385.480,3.911,17.733.520,164.547,0,0,4.641,0,0,
26.11.2020,474.606,29.132,474.538,6.876,13.014,174,388.771,3.291,17.901.868,168.348,0,0,4.711,0,0,
27.11.2020,481.198,29.845,481.130,6.592,13.191,177,392.616,3.845,18.072.981,171.113,0,0,4.816,0,0,
28.11.2020,487.912,30.103,487.844,6.714,13.373,182,396.227,3.611,18.247.424,174.443,0,0,4.903,0,0,
29.11.2020,494.351,29.281,494.283,6.439,13.558,185,400.242,4.015,18.415.636,168.212,0,0,5.011,0,0,
30.11.2020,500.865,31.219,500.797,6.514,13.746,188,404.727,4.485,18.592.292,176.656,0,0,5.190,0,0,
01.12.2020,506.966,30.110,506.898,6.101,13.936,190,409.320,4.593,18.772.604,180.312,0,0,5.303,0,0,
02.12.2020,513.656,31.923,513.588,6.690,14.129,193,414.141,4.821,18.956.228,183.624,0,0,5.502,0,0,
03.12.2020,520.167,32.381,520.099,6.511,14.316,187,418.331,4.190,19.143.746,187.518,0,0,5.611,0,0,
04.12.2020,527.070,32.736,527.002,6.903,14.509,193,423.142,4.811,19.338.181,194.435,0,0,5.703,0,0,
05.12.2020,533.198,31.896,533.130,6.128,14.705,196,427.242,4.100,19.517.084,178.903,0,0,5.800,0,0,
06.12.2020,539.291,30.402,539.223,6.093,14.900,195,431.253,4.011,19.691.845,174.761,0,0,5.805,0,0,
07.12.2020,545.711,32.137,545.643,6.420,15.103,203,436.270,5.017,19.888.747,196.902,0,0,5.836,0,0,
08.12.2020,552.304,33.198,552.236,6.593,15.314,211,441.515,5.245,20.089.966,201.219,0,0,5.882,0,0,
09.12.2020,558.517,31.712,558.449,6.213,15.531,217,447.361,5.846,20.294.377,204.411,0,0,5.901,0,0,
10.12.2020,1.748.567,30.424,564.367,5.918,15.751,220,452.593,5.232,20.500.579,206.202,0,0,5.943,0,0,
11.12.2020,1.780.673,32.106,569.974,5.607,15.977,226,458.109,5.516,20.709.452,208.873,0,0,5.952,0,0,
12.12.2020,1.809.809,29.136,575.177,5.203,16.199,222,1.581.565,20.191,20.898.517,189.065,0,0,5.961,0,0,
13.12.2020,1.836.728,26.919,580.280,5.103,16.417,218,1.603.780,22.215,21.079.716,181.199,0,0,5.973,0,0,
14.12.2020,1.866.345,29.617,585.344,5.064,16.646,229,1.631.944,28.164,21.284.005,204.289,0,0,5.980,0,0,
15.12.2020,1.898.447,29.247,590.449,5.105,16.881,235,1.661.191,29.247,21.490.195,206.190,0,0,5.988,0,0,
16.12.2020,1.928.165,29.718,595.342,4.893,17.121,240,1.691.113,29.922,21.695.592,205.397,0,0,5.960,0,0,
17.12.2020,1.955.680,27.515,599.551,4.209,17.364,243,1.721.607,30.494,21.901.694,206.102,0,0,5.803,0,0,
18.12.2020,1.982.090,26.410,603.654,4.103,17.610,246,1.753.552,31.945,22.107.503,205.809,0,0,5.707,0,0,
19.12.2020,2.004.285,22.195,607.656,4.002,17.851,241,1.779.068,25.516,22.280.635,173.132,0,0,5.501,0,0,
20.12.2020,2.024.601,20.316,611.202,3.546,18.097,246,1.800.286,21.218,22.439.527,158.892,0,0,5.347,0,0,
21.12.2020,2.043.704,19.103,614.614,3.412,18.351,254,1.835.705,35.419,22.635.637,196.110,0,0,5.192,0,0,
22.12.2020,2.062.960,19.256,617.923,3.309,18.602,251,1.866.815,31.110,22.827.953,192.316,0,0,5.008,0,0,
23.12.2020,2.082.610,19.650,621.115,3.192,18.861,259,1.901.307,34.492,23.030.162,202.209,0,0,4.901,0,0,
24.12.2020,2.100.712,18.102,624.333,3.218,19.115,254,1.935.292,33.985,23.225.837,195.675,0,0,4.805,0,0,
25.12.2020,2.118.255,17.543,627.532,3.199,19.371,256,1.970.803,35.511,23.426.941,201.104,0,0,4.702,0,0,
26.12.2020,2.133.373,15.118,630.534,3.002,19.624,253,1.994.034,23.231,23.605.813,178.872,0,0,4.501,0,0,
27.12.2020,2.147.578,14.205,633.340,2.806,19.878,254,2.015.230,21.196,23.777.926,172.113,0,0,4.309,0,0,
28.12.2020,2.162.775,15.197,636.156,2.816,20.135,257,2.037.433,22.203,23.958.818,180.892,0,0,4.251,0,0,
29.12.2020,2.178.580,15.805,638.939,2.783,20.388,253,2.058.437,21.004,24.141.935,183.117,0,0,4.191,0,0,
30.12.2020,2.194.272,15.692,641.551,2.612,20.642,254,2.078.629,20.192,24.326.350,184.415,0,0,4.098,0,0,
31.12.2020,2.208.652,14.380,643.770,2.219,20.881,239,2.100.650,22.021,24.504.567,178.217,0,0,3.918,0,0,
01.01.2021,2.220.855,12.203,645.678,1.908,21.093,212,2.114.760,14.110,24.662.670,158.103,0,0,3.891,0,0,
02.01.2021,2.232.035,11.180,647.391,1.713,21.295,202,2.126.432,11.672,24.811.888,149.218,0,0,3.764,0,0,
03.01.2021,2.241.912,9.877,648.906,1.515,21.488,193,2.136.534,10.102,24.950.829,138.941,0,0,3.612,0,0,
04.01.2021,2.255.607,13.695,650.414,1.508,21.685,197,2.146.430,9.896,25.132.152,181.323,0,0,3.522,0,0,
05.01.2021,2.270.101,14.494,651.891,1.477,21.879,194,2.155.338,8.908,25.315.565,183.413,0,0,3.410,0,0,
06.01.2021,2.283.931,13.830,653.349,1.458,22.070,191,2.164.040,8.702,25.498.210,182.645,0,0,3.303,0,0,
07.01.2021,2.296.102,12.171,654.719,1.370,22.264,194,2.172.251,8.211,25.681.213,183.003,0,0,3.201,0,0,
08.01.2021,2.307.581,11.479,656.010,1.291,22.450,186,2.182.145,9.894,25.865.406,184.193,0,0,3.094,0,0,
09.01.2021,2.317.118,9.537,657.113,1.103,22.631,181,2.190.047,7.902,26.033.695,168.289,0,0,2.903,0,0,
10.01.2021,2.326.256,9.138,658.130,1.017,22.807,176,2.198.150,8.103,26.196.481,162.786,0,0,2.811,0,0,
11.01.2021,2.336.476,10.220,659.133,1.003,22.981,174,2.208.451,10.301,26.376.784,180.303,0,0,2.783,0,0,
12.01.2021,2.346.285,9.809,660.116,983,23.152,171,2.218.464,10.013,26.555.992,179.208,0,0,2.701,0,0,
13.01.2021,2.355.839,9.554,661.087,971,23.325,173,2.227.927,9.463,26.729.595,173.603,0,0,2.652,0,0,
14.01.2021,2.364.801,8.962,662.045,958,23.495,170,2.236.938,9.011,26.899.442,169.847,0,0,2.512,0,0,
15.01.2021,2.373.115,8.314,662.966,921,23.664,169,2.246.047,9.109,27.066.653,167.211,0,0,2.311,0,0,
16.01.2021,2.380.665,7.550,663.868,902,23.832,168,2.254.052,8.005,27.223.445,156.792,0,0,2.265,0,0,
17.01.2021,2.387.101,6.436,664.671,803,23.997,165,2.262.864,8.812,27.372.081,148.636,0,0,2.201,0,0,
18.01.2021,2.392.963,5.862,665.420,749,24.161,164,2.270.769,7.905,27.523.423,151.342,0,0,2.183,0,0,
19.01.2021,2.399.781,6.818,666.181,761,24.328,167,2.277.987,7.218,27.698.556,175.133,0,0,2.162,0,0,
20.01.2021,2.406.216,6.435,666.933,752,24.487,159,2.283.919,5.932,27.867.450,168.894,0,0,2.102,0,0,
21.01.2021,2.412.505,6.289,667.676,743,24.640,153,2.290.032,6.113,28.032.559,165.109,0,0,2.074,0,0,
22.01.2021,2.418.472,5.967,668.410,734,24.789,149,2.296.050,6.018,28.195.901,163.342,0,0,2.003,0,0,
23.01.2021,2.424.328,5.856,669.133,723,24.933,144,2.301.861,5.811,28.348.659,152.758,0,0,1.962,0,0,
24.01.2021,2.429.605,5.277,669.817,684,25.073,140,2.307.721,5.860,28.497.084,148.425,0,0,1.905,0,0,
25.01.2021,2.435.247,5.642,670.488,671,25.210,137,2.134.403,-173.318,28.648.193,151.109,0,0,1.808,0,0,
26.01.2021,2.442.350,7.103,671.169,681,25.344,134,2.322.511,188.108,28.828.496,180.303,0,0,1.791,0,0,
27.01.2021,2.449.839,7.489,671.844,675,25.476,132,2.331.314,8.803,29.007.915,179.419,0,0,1.765,0,0,
28.01.2021,2.457.118,7.279,672.514,670,25.605,129,2.340.216,8.902,29.181.125,173.210,0,0,1.751,0,0,
29.01.2021,2.464.030,6.912,673.178,664,25.736,131,2.348.309,8.093,29.346.219,165.094,0,0,1.740,0,0,
30.01.2021,2.470.901,6.871,673.836,658,25.865,129,2.355.409,7.100,29.495.004,148.785,0,0,1.692,0,0,
31.01.2021,2.477.463,6.562,674.477,641,25.993,128,2.362.415,7.006,29.631.422,136.418,0,0,1.634,0,0,
01.02.2021,2.485.182,7.719,675.113,636,26.117,124,2.370.431,8.016,29.773.125,141.703,0,0,1.615,0,0,
02.02.2021,2.492.977,7.795,675.743,630,26.237,120,2.379.070,8.639,29.913.245,140.120,0,0,1.592,0,0,
03.02.2021,2.501.079,8.102,676.375,632,26.354,117,2.387.384,8.314,30.061.437,148.192,0,0,1.523,0,0,
04.02.2021,2.508.988,7.909,677.002,627,26.467,113,2.396.199,8.815,30.206.504,145.067,0,0,1.501,0,0,
05.02.2021,2.516.889,7.901,677.622,620,26.577,110,2.404.416,8.217,30.349.042,142.538,0,0,1.423,0,0,
06.02.2021,2.524.786,7.897,678.240,618,26.685,108,2.412.505,8.089,30.486.691,137.649,0,0,1.337,0,0,
07.02.2021,2.531.456,6.670,678.863,623,26.797,112,2.440.706,28.201,30.616.406,129.715,0,0,1.317,0,0,
08.02.2021,2.539.559,8.103,679.495,632,26.900,103,2.449.273,8.567,30.755.784,139.378,0,0,1.310,0,0,
09.02.2021,2.548.195,8.636,680.154,659,26.998,98,2.437.382,-11.891,30.893.496,137.712,0,0,1.310,0,0,
10.02.2021,2.556.837,8.642,680.818,664,27.093,95,2.445.285,7.903,31.029.363,135.867,0,0,1.308,0,0,
11.02.2021,2.564.427,7.590,681.478,660,27.187,94,2.453.096,7.811,31.159.676,130.313,0,0,1.256,0,0,
12.02.2021,2.572.190,7.763,682.145,667,27.284,97,2.461.204,8.108,31.289.306,129.630,0,0,1.250,0,0,
13.02.2021,2.579.896,7.706,682.816,671,27.377,93,2.468.419,7.215,31.412.611,123.305,0,0,1.235,0,0,
14.02.2021,2.586.183,6.287,683.482,666,27.471,94,2.475.329,6.910,31.516.719,104.108,0,0,1.230,0,0,
15.02.2021,2.594.128,7.945,684.142,660,27.562,91,2.482.435,7.106,31.633.171,116.452,0,0,1.232,0,0,
16.02.2021,2.602.034,7.906,684.800,658,27.652,90,2.489.624,7.189,31.748.965,115.794,0,0,1.201,0,0,
17.02.2021,2.609.359,7.325,685.449,649,27.738,86,2.496.833,7.209,31.866.086,117.121,0,0,1.193,0,0,
18.02.2021,2.616.600,7.241,686.089,640,27.821,83,2.504.050,7.217,31.981.492,115.406,0,0,1.187,0,0,
19.02.2021,2.624.019,7.419,686.727,638,27.903,82,2.511.548,7.498,32.098.166,116.674,0,0,1.185,0,0,
20.02.2021,2.631.876,7.857,687.362,635,27.983,80,2.518.758,7.210,32.217.077,118.911,0,0,1.180,0,0,
21.02.2021,2.638.422,6.546,687.963,601,28.060,77,2.523.760,5.002,32.318.182,101.105,0,0,1.185,0,0,
22.02.2021,2.646.526,8.104,688.586,623,28.138,78,2.529.450,5.690,32.436.998,118.816,0,0,1.189,0,0,
23.02.2021,2.655.633,9.107,689.219,633,28.213,75,2.534.996,5.546,32.560.732,123.734,0,0,1.185,0,0,
24.02.2021,2.665.194,9.561,689.879,660,28.285,72,2.540.293,5.297,32.684.747,124.015,0,0,1.200,0,0,
25.02.2021,2.674.766,9.572,690.537,658,28.358,73,2.546.503,6.210,32.811.274,126.527,0,0,1.192,0,0,
26.02.2021,2.683.971,9.205,691.186,649,28.432,74,2.556.785,10.282,32.939.661,128.387,0,0,1.195,0,0,
27.02.2021,2.693.164,9.193,691.807,621,28.503,71,2.565.723,8.938,33.065.377,125.716,0,0,1.187,0,0,
28.02.2021,2.701.588,8.424,692.417,610,28.569,66,2.572.234,6.511,33.175.016,109.639,0,0,1.191,0,0,
01.03.2021,2.711.479,9.891,693.062,645,28.638,69,2.578.181,5.947,33.305.552,130.536,0,0,1.215,0,0,
02.03.2021,2.723.316,11.837,693.730,668,28.706,68,2.586.073,7.892,33.440.843,135.291,0,0,1.227,0,0,
03.03.2021,2.734.836,11.520,694.419,689,28.771,65,2.593.264,7.191,33.578.861,138.018,0,0,1.224,0,0,
04.03.2021,2.746.158,11.322,695.104,685,28.839,68,2.601.137,7.873,33.716.746,137.885,0,0,1.220,0,0,
05.03.2021,2.757.460,11.302,695.802,698,28.901,62,2.608.848,7.711,33.854.960,138.214,0,0,1.232,0,0,
06.03.2021,2.769.230,11.770,696.504,702,28.965,64,2.616.139,7.291,33.993.552,138.592,0,0,1.230,0,0,
07.03.2021,2.780.417,11.187,697.239,735,29.030,65,2.623.924,7.785,34.122.851,129.299,0,0,1.261,0,0,
08.03.2021,2.793.632,13.215,698.006,767,29.094,64,2.632.030,8.106,34.262.280,139.429,0,0,1.239,0,0,
09.03.2021,2.807.387,13.755,698.807,801,29.160,66,2.640.669,8.639,34.403.108,140.828,0,0,1.289,0,0,
10.03.2021,2.821.943,14.556,699.621,814,29.227,67,2.649.862,9.193,34.548.238,145.130,0,0,1.309,0,0,
11.03.2021,2.835.989,14.046,700.442,821,29.290,63,2.659.093,9.231,34.694.624,146.386,0,0,1.310,0,0,
12.03.2021,2.850.930,14.941,701.276,834,29.356,66,2.670.273,11.180,34.843.480,148.856,0,0,1.349,0,0,
13.03.2021,2.866.012,15.082,702.117,841,29.421,65,2.685.560,15.287,34.993.578,150.098,0,0,1.350,0,0,
14.03.2021,2.879.390,13.378,702.969,852,29.489,68,2.701.076,15.516,35.126.003,132.425,0,0,1.392,0,0,
15.03.2021,2.894.893,15.503,703.827,858,29.552,63,2.716.969,15.893,35.277.116,151.113,0,0,1.425,0,0,
16.03.2021,2.911.642,16.749,704.701,874,29.623,71,2.734.862,17.893,35.435.502,158.386,0,0,1.474,0,0,
17.03.2021,2.930.554,18.912,705.570,869,29.696,73,2.752.023,17.161,35.603.028,167.526,0,0,1.484,0,0,
18.03.2021,2.950.603,20.049,706.472,902,29.777,81,2.770.638,18.615,35.787.480,184.452,0,0,1.503,0,0,
19.03.2021,2.971.633,21.030,707.406,934,29.864,87,2.788.757,18.119,35.975.339,187.859,0,0,1.547,0,0,
20.03.2021,2.992.694,21.061,708.364,958,29.959,95,2.807.572,18.815,36.165.468,190.129,0,0,1.538,0,0,
21.03.2021,3.013.122,20.428,709.329,965,30.061,102,2.825.187,17.615,36.355.374,189.906,0,0,1.568,0,0,
22.03.2021,3.035.338,22.216,710.310,981,30.178,117,2.844.681,19.494,36.556.589,201.215,0,0,1.644,0,0,
23.03.2021,3.061.520,26.182,711.316,1.006,30.316,138,2.863.882,19.201,36.768.437,211.848,0,0,1.710,0,0,
24.03.2021,3.091.282,29.762,712.458,1.142,30.462,146,2.881.643,17.761,36.990.175,221.738,0,0,1.720,0,0,
25.03.2021,3.120.013,28.731,713.668,1.210,30.619,157,2.900.829,19.186,37.212.928,222.753,0,0,1.790,0,0,
26.03.2021,3.149.094,29.081,714.921,1.253,30.772,153,2.921.037,20.208,37.433.913,220.985,0,0,1.810,0,0,
27.03.2021,3.179.115,30.021,716.202,1.281,30.923,151,2.939.929,18.892,37.657.127,223.214,0,0,1.886,0,0,
28.03.2021,3.208.173,29.058,717.507,1.305,31.076,153,2.957.093,17.164,37.877.236,220.109,0,0,1.968,0,0,
29.03.2021,3.240.577,32.404,718.832,1.325,31.230,154,2.975.108,18.015,38.102.747,225.511,0,0,1.998,0,0,
30.03.2021,3.277.880,37.303,720.208,1.376,31.385,155,2.995.033,19.925,38.338.045,235.298,0,0,2.054,0,0,
31.03.2021,3.317.182,39.302,721.609,1.401,31.537,152,3.014.226,19.193,38.578.057,240.012,0,0,2.082,0,0,
01.04.2021,3.357.988,40.806,723.033,1.424,31.713,176,3.035.043,20.817,38.821.795,243.738,0,0,2.135,0,0,
02.04.2021,3.400.296,42.308,724.504,1.471,31.892,179,3.059.462,24.419,39.070.763,248.968,0,0,2.182,0,0,
03.04.2021,3.445.052,44.756,725.987,1.483,32.078,186,3.082.676,23.214,39.319.889,249.126,0,0,2.231,0,0,
04.04.2021,3.487.050,41.998,727.495,1.508,32.263,185,3.105.350,22.674,39.566.099,246.210,0,0,2.311,0,0,
05.04.2021,3.529.601,42.551,729.201,1.706,32.456,193,3.130.977,25.627,39.811.595,245.496,0,0,2.407,0,0,
06.04.2021,3.579.185,49.584,731.204,2.003,32.667,211,3.159.475,28.498,40.083.142,271.547,0,0,2.477,0,0,
07.04.2021,3.633.925,54.740,733.407,2.203,32.943,276,3.194.978,35.503,40.385.250,302.108,0,0,2.604,0,0,
08.04.2021,3.689.866,55.941,735.723,2.316,33.201,258,3.232.892,37.914,40.689.742,304.492,0,0,2.615,0,0,
09.04.2021,3.745.657,55.791,738.131,2.408,33.454,253,3.268.678,35.786,40.994.845,305.103,0,0,2.658,0,0,
10.04.2021,3.798.333,52.676,740.628,2.497,33.702,248,3.301.217,32.539,41.297.580,302.735,0,0,2.739,0,0,
11.04.2021,3.849.011,50.678,743.176,2.548,33.939,237,3.331.411,30.194,41.591.854,294.274,0,0,2.824,0,0,
12.04.2021,3.903.573,54.562,745.847,2.671,34.182,243,3.372.629,41.218,41.892.922,301.068,0,0,2.891,0,0,
13.04.2021,3.962.760,59.187,748.570,2.723,34.455,273,3.424.733,52.104,42.199.485,306.563,0,0,2.951,0,0,
14.04.2021,4.025.557,62.797,751.372,2.802,34.734,279,3.480.146,55.413,42.509.905,310.420,0,0,3.018,0,0,
15.04.2021,4.086.957,61.400,754.217,2.845,35.031,297,3.535.040,54.894,42.828.122,318.217,0,0,3.080,0,0,
16.04.2021,4.150.039,63.082,757.132,2.915,35.320,289,3.591.550,56.510,43.148.200,320.078,0,0,3.205,0,0,
17.04.2021,4.212.645,62.606,760.105,2.973,35.608,288,3.643.734,52.184,43.467.516,319.316,0,0,3.240,0,0,
18.04.2021,4.268.447,55.802,763.206,3.101,35.926,318,3.687.590,43.856,43.768.759,301.243,0,0,3.275,0,0,
19.04.2021,4.323.596,55.149,766.068,2.862,36.267,341,3.736.537,48.947,44.087.628,318.869,0,0,3.319,0,0,
20.04.2021,4.384.624,61.028,768.963,2.895,36.613,346,3.792.129,55.592,44.409.756,322.128,0,0,3.375,0,0,
21.04.2021,4.446.591,61.967,771.895,2.932,36.975,362,3.844.342,52.213,44.728.595,318.839,0,0,3.398,0,0,
22.04.2021,4.501.382,54.791,775.023,3.128,37.329,354,3.909.935,65.593,45.040.704,312.109,0,0,3.463,0,0,
23.04.2021,4.550.820,49.438,778.112,3.089,37.672,343,3.970.111,60.176,45.342.795,302.091,0,0,3.475,0,0,
24.04.2021,4.591.416,40.596,781.017,2.905,38.011,339,4.022.408,52.297,45.623.978,281.183,0,0,3.511,0,0,
25.04.2021,4.629.969,38.553,783.818,2.801,38.358,347,4.073.644,51.236,45.884.258,260.280,0,0,3.590,0,0,
26.04.2021,4.667.281,37.312,786.534,2.716,38.711,353,4.121.671,48.027,46.153.151,268.893,0,0,3.563,0,0,
27.04.2021,4.710.582,43.301,789.237,2.703,39.057,346,4.167.263,45.592,46.435.343,282.192,0,0,3.549,0,0,
28.04.2021,4.751.026,40.444,791.965,2.728,39.398,341,4.212.461,45.198,46.718.604,283.261,0,0,3.558,0,0,
29.04.2021,4.788.700,37.674,794.680,2.715,39.737,339,4.255.714,43.253,46.996.712,278.108,0,0,3.581,0,0,
30.04.2021,4.820.591,31.891,797.353,2.673,40.131,394,4.323.897,68.183,47.261.999,265.287,0,0,3.534,0,0,
01.05.2021,4.849.408,28.817,799.968,2.615,40.504,373,4.405.199,81.302,47.504.193,242.194,0,0,3.525,0,0,
02.05.2021,4.875.388,25.980,802.555,2.587,40.844,340,4.480.381,75.182,47.744.338,240.145,0,0,3.532,0,0,
03.05.2021,4.900.121,24.733,805.056,2.501,41.191,347,4.515.819,35.438,47.987.986,243.648,0,0,3.438,0,0,
04.05.2021,4.929.118,28.997,807.539,2.483,41.527,336,4.554.037,38.218,48.229.733,241.747,0,0,3.452,0,0,
05.05.2021,4.955.594,26.476,809.953,2.414,41.883,356,4.589.501,35.464,48.459.224,229.491,0,0,3.418,0,0,
06.05.2021,4.977.982,22.388,812.354,2.401,42.187,304,4.626.799,37.298,48.712.606,253.382,0,0,3.378,0,0,
07.05.2021,4.998.089,20.107,814.564,2.210,42.465,278,4.662.328,35.529,48.963.800,251.194,0,0,3.260,"53,10%","68,20%","33,80%"
08.05.2021,5.016.141,18.052,816.742,2.178,42.746,281,4.691.224,28.896,49.192.673,228.873,0,0,3.175,"53,10%","68,20%","33,80%"
09.05.2021,5.031.332,15.191,818.844,2.102,43.029,283,4.716.918,25.694,49.390.141,197.468,0,0,3.081,"53,10%","68,20%","33,80%"
10.05.2021,5.044.936,13.604,820.578,1.734,43.311,282,4.743.871,26.953,49.604.004,213.863,0,0,2.983,"43,70%","65,00%","32,40%"
11.05.2021,5.059.433,14.497,822.160,1.582,43.589,278,4.766.124,22.253,49.830.456,226.452,0,0,2.975,"43,70%","65,00%","32,40%"
12.05.2021,5.072.462,13.029,823.656,1.496,43.821,232,4.801.291,35.167,50.058.648,228.192,0,0,2.827,"43,70%","65,00%","32,40%"
13.05.2021,5.083.996,11.534,824.873,1.217,44.059,238,4.856.763,55.472,50.259.943,201.295,0,0,2.765,"43,70%","65,00%","32,40%"
14.05.2021,5.095.390,11.394,825.975,1.102,44.301,242,4.894.024,37.261,50.463.016,203.073,0,0,2.670,"43,70%","65,00%","32,40%"
15.05.2021,5.106.862,11.472,827.059,1.084,44.537,236,4.932.838,38.814,50.667.653,204.637,0,0,2.563,"43,70%","65,00%","32,40%"
16.05.2021,5.117.374,10.512,827.979,920,44.760,223,4.947.256,14.418,50.869.896,202.243,0,0,2.468,"43,70%","65,00%","32,40%"
17.05.2021,5.127.548,10.174,828.902,923,44.983,223,4.961.120,13.864,51.076.732,206.836,0,0,2.326,"45,50%","62,50%","30,70%"
18.05.2021,5.139.485,11.937,829.818,916,45.186,203,4.971.245,10.125,51.294.008,217.276,0,0,2.232,"45,50%","62,50%","30,70%"
19.05.2021,5.151.038,11.553,830.720,902,45.419,233,4.980.516,9.271,51.512.691,218.683,0,0,2.162,"45,50%","62,50%","30,70%"
20.05.2021,5.160.423,9.385,831.576,856,45.626,207,4.989.787,9.271,51.731.883,219.192,0,0,2.041,"45,50%","62,50%","30,70%"
21.05.2021,5.169.951,9.528,832.422,846,45.840,214,4.998.639,8.852,51.950.729,218.846,0,0,1.977,"45,50%","62,50%","30,70%"
22.05.2021,5.178.648,8.697,833.257,835,46.071,231,5.013.111,14.472,52.167.387,216.658,0,0,1.876,"45,50%","62,50%","30,70%"
23.05.2021,5.186.487,7.839,833.967,710,46.268,197,5.024.313,11.202,52.377.678,210.291,0,0,1.843,"45,50%","62,50%","30,70%"
24.05.2021,5.194.010,7.523,834.669,702,46.446,178,5.034.316,10.003,52.594.333,216.655,0,0,1.745,"49,10%","61,90%","29,90%"
25.05.2021,5.203.385,9.375,835.362,693,46.621,175,5.045.508,11.192,52.817.437,223.104,0,0,1.667,"49,10%","61,90%","29,90%"
26.05.2021,5.212.123,8.738,836.043,681,46.787,166,5.057.713,12.205,53.038.651,221.214,0,0,1.561,"49,10%","61,90%","29,90%"
27.05.2021,5.220.549,8.426,836.716,673,46.970,183,5.070.815,13.102,53.258.116,219.465,0,0,1.504,"49,10%","61,90%","29,90%"
28.05.2021,5.228.322,7.773,837.372,656,47.134,164,5.083.099,12.284,53.478.278,220.162,0,0,0,0,0,
29.05.2021,5.235.978,7.656,837.977,605,47.271,137,5.094.279,11.180,53.700.891,222.613,0,0,1.391,"49,10%","61,90%","29,90%"
30.05.2021,5.242.911,6.933,838.559,582,47.405,134,5.105.042,10.763,53.919.848,218.957,0,0,1.390,"49,10%","61,90%","29,90%"
31.05.2021,5.249.404,6.493,839.155,596,47.527,122,5.114.624,9.582,54.139.309,219.461,0,0,1.339,"49,90%","62,80%","27,60%"
01.06.2021,5.256.516,7.112,839.757,602,47.656,129,5.124.081,9.457,54.362.791,223.482,0,0,1.241,"49,90%","62,80%","27,60%"
02.06.2021,5.263.697,7.181,840.343,586,47.768,112,5.131.453,7.372,54.586.941,224.150,0,0,1.213,"49,90%","62,80%","27,60%"
03.06.2021,5.270.299,6.602,840.906,563,47.882,114,5.139.993,8.540,54.809.788,222.847,0,0,1.219,"49,90%","62,80%","27,60%"
04.06.2021,5.276.468,6.169,841.458,552,47.976,94,5.147.610,7.617,55.034.469,224.681,0,0,1.183,"49,90%","62,80%","27,60%"
05.06.2021,5.282.594,6.126,842.000,542,48.068,92,5.154.771,7.161,55.250.625,216.156,0,0,1.147,"49,90%","62,80%","27,60%"
06.06.2021,5.287.980,5.386,842.482,482,48.164,96,5.160.774,6.003,55.455.452,204.827,0,0,1.096,"49,90%","62,80%","27,60%"
07.06.2021,5.293.627,5.647,842.977,495,48.255,91,5.167.350,6.576,55.673.616,218.164,0,0,1.060,"49,90%","60,00%","27,80%"
08.06.2021,5.300.236,6.609,843.534,557,48.341,86,5.173.186,5.836,55.899.143,225.527,0,0,1.044,0,0,0
09.06.2021,5.306.690,6.454,844.092,558,48.428,87,5.179.833,6.647,56.123.336,224.193,0,0,1.018,"49,90%","60,00%","27,80%"
10.06.2021,5.313.098,6.408,844.655,563,48.524,96,5.186.728,6.895,56.346.656,223.320,0,0,1.009,"49,90%","60,00%","27,80%"
11.06.2021,5.319.359,6.261,845.216,561,48.593,69,5.192.945,6.217,56.570.784,224.128,0,0,997,"49,90%","60,00%","27,80%"
12.06.2021,5.325.435,6.076,845.719,503,48.668,75,5.198.057,5.112,56.789.542,218.758,0,0,973,"49,90%","60,00%","27,80%"
13.06.2021,5.330.447,5.012,846.173,454,48.721,53,5.202.251,4.194,57.004.499,214.957,0,0,952,"49,90%","60,00%","27,80%"
14.06.2021,5.336.073,5.626,846.601,428,48.795,74,5.206.836,4.585,57.223.789,219.290,0,0,929,"50,40%","60,20%","27,90%"
15.06.2021,5.342.028,5.955,847.133,532,48.879,84,5.211.022,4.186,57.447.635,223.846,0,0,886,"50,40%","60,20%","27,90%"
16.06.2021,5.348.249,6.221,847.681,548,48.950,71,5.215.654,4.632,57.674.798,227.163,0,0,881,"50,40%","60,20%","27,90%"
17.06.2021,5.354.153,5.904,848.190,509,49.012,62,5.219.797,4.143,57.899.862,225.064,0,0,860,"50,40%","60,20%","27,90%"
18.06.2021,5.359.728,5.575,848.687,497,49.071,59,5.224.224,4.427,58.123.990,224.128,0,0,856,"50,40%","60,20%","27,90%"
19.06.2021,5.365.208,5.480,849.181,494,49.122,51,5.228.419,4.195,58.339.486,215.496,0,0,829,"50,40%","60,20%","27,90%"
20.06.2021,5.370.299,5.091,849.590,409,49.185,63,5.232.638,4.219,58.552.783,213.297,0,0,813,"50,40%","60,20%","27,90%"
21.06.2021,5.375.593,5.294,850.019,429,49.236,51,5.237.731,5.093,58.773.835,221.052,0,0,808,"49,30%","63,30%","27,00%"
22.06.2021,5.381.736,6.143,850.584,565,49.293,57,5.242.945,5.214,58.997.073,223.238,0,0,791,"49,30%","63,30%","27,00%"
23.06.2021,5.387.545,5.809,851.134,550,49.358,65,5.248.862,5.917,59.221.265,224.192,0,0,763,"49,30%","63,30%","27,00%"
24.06.2021,5.393.248,5.703,851.632,498,49.417,59,5.254.708,5.846,59.444.650,223.385,0,0,752,"49,30%","63,30%","27,00%"
25.06.2021,5.398.878,5.630,852.109,477,49.473,56,5.261.892,7.184,59.667.586,222.936,0,0,737,"49,30%","63,30%","27,00%"
26.06.2021,5.404.144,5.266,852.579,470,49.524,51,5.269.294,7.402,59.890.147,222.561,0,0,733,"49,30%","63,30%","27,00%"
27.06.2021,5.409.027,4.883,852.969,390,49.576,52,5.275.231,5.937,60.105.441,215.294,0,0,736,"49,30%","63,30%","27,00%"
28.06.2021,5.414.310,5.283,853.400,431,49.634,58,5.280.558,5.327,60.328.966,223.525,0,0,751,"49,30%","63,30%","27,00%"
29.06.2021,5.420.156,5.846,853.910,510,49.687,53,5.287.094,6.536,60.558.812,229.846,0,0,730,"52,40%","61,50%","28,10%"
30.06.2021,5.425.652,5.496,854.432,522,49.732,45,5.294.285,7.191,60.786.975,228.163,0,0,727,"52,40%","61,50%","28,10%"
01.07.2021,5.430.940,5.288,854.894,462,49.774,42,5.300.504,6.219,61.012.512,225.537,0,0,706,"52,40%","61,50%","28,10%"
02.07.2021,5.435.831,4.891,855.355,461,49.829,55,5.305.856,5.352,61.236.294,223.782,0,0,697,"52,40%","61,50%","28,10%"
03.07.2021,5.440.368,4.537,855.833,478,49.874,45,5.310.769,4.913,61.455.218,218.924,0,0,702,"52,40%","61,50%","28,10%"
04.07.2021,5.444.786,4.418,856.237,404,49.924,50,5.314.930,4.161,61.671.470,216.252,0,0,0,0,0,
05.07.2021,5.449.464,4.678,0,0,49.959,35,5.319.665,4.735,61.891.207,219.737,0,0,0,0,0,
06.07.2021,5.454.763,5.299,0,0,49.996,37,5.324.111,4.446,62.117.858,226.651,0,0,0,0,0,
07.07.2021,5.459.923,5.160,0,0,50.048,52,5.328.747,4.636,62.343.111,225.253,0,0,0,0,0,
08.07.2021,5.465.094,5.171,0,0,50.096,48,5.333.759,5.012,62.569.538,226.427,0,0,0,0,0,
09.07.2021,5.470.764,5.670,0,0,50.155,59,5.338.885,5.126,62.798.364,228.826,0,0,0,0,0,
10.07.2021,5.476.294,5.530,0,0,50.192,37,5.344.102,5.217,63.022.548,224.184,0,0,0,0,0,
11.07.2021,5.481.555,5.261,0,0,50.229,37,5.349.344,5.242,63.244.616,222.068,0,0,0,0,0,0
12.07.2021,5.486.959,5.404,0,0,50.278,49,5.354.850,5.506,63.471.889,227.273,0,0,0,0,0,0
13.07.2021,5.493.244,6.285,0,0,50.324,46,5.360.012,5.162,63.706.328,234.439,0,0,0,0,0,0
14.07.2021,5.500.151,6.907,0,0,50.367,43,5.365.075,5.063,63.945.195,238.867,0,0,0,0,0,0
15.07.2021,5.507.455,7.304,0,0,50.415,48,5.370.178,5.103,64.177.452,232.257,0,0,0,0,0,0
16.07.2021,5.514.373,6.918,0,0,50.450,35,5.375.262,5.084,64.407.034,229.582,0,0,0,0,0,0
17.07.2021,5.522.039,7.666,0,0,50.488,38,5.380.752,5.490,64.641.195,234.161,0,0,0,0,0,0
18.07.2021,5.529.719,7.680,0,0,50.554,66,5.386.587,5.835,64.875.141,233.946,0,0,0,0,0,0
19.07.2021,5.537.386,7.667,0,0,50.604,50,5.390.739,4.152,65.101.654,226.513,0,0,0,0,0,0
20.07.2021,5.546.166,8.780,0,0,50.650,46,5.395.300,4.561,65.300.191,198.537,0,0,0,0,0,0
21.07.2021,5.554.317,8.151,0,0,50.709,59,5.400.246,4.946,65.484.653,184.462,0,0,0,0,0,0
22.07.2021,5.563.903,9.586,0,0,50.761,52,5.405.339,5.093,65.698.849,214.196,0,0,0,0,0,0
23.07.2021,5.574.997,11.094,0,0,50.821,60,5.410.554,5.215,65.918.377,219.528,0,0,0,0,0,0
24.07.2021,5.587.378,12.381,0,0,50.879,58,5.415.937,5.383,66.139.840,221.463,0,0,0,0,0,0
25.07.2021,5.601.608,14.230,0,0,50.934,55,5.421.148,5.211,66.363.677,223.837,0,0,0,0,0,0
26.07.2021,5.618.417,16.809,0,0,50.997,63,5.426.733,5.585,66.587.875,224.198,0,0,0,0,0,0
27.07.2021,5.638.178,19.761,0,0,51.048,51,5.433.841,7.108,66.834.523,246.648,0,0,0,0,0,0
28.07.2021,5.660.469,22.291,0,0,51.124,76,5.438.038,4.197,67.091.997,257.474,0,0,0,0,0,0
29.07.2021,5.682.630,22.161,0,0,51.184,60,5.443.501,5.463,67.353.195,261.198,0,0,0,0,0,0
30.07.2021,5.704.713,22.083,0,0,51.253,69,5.449.253,5.752,67.609.655,256.460,0,0,0,0,0,0
31.07.2021,5.727.045,22.332,0,0,51.332,79,5.454.360,5.107,67.868.851,259.196,0,0,0,0,0,0
01.08.2021,5.747.935,20.890,0,0,51.428,96,5.459.899,5.539,68.120.075,251.224,0,0,0,0,0,0
02.08.2021,5.770.833,22.898,0,0,51.519,91,5.465.846,5.947,68.390.501,270.426,0,0,0,0,0,0
03.08.2021,5.795.665,24.832,0,0,51.645,126,5.472.089,6.243,68.646.664,256.163,0,0,0,0,0,0
04.08.2021,5.822.487,26.822,0,0,51.767,122,5.478.185,6.096,68.908.712,262.048,0,0,0,0,0,0
05.08.2021,5.846.784,24.297,0,0,51.875,108,5.484.821,6.636,69.153.864,245.152,0,0,0,0,0,0
06.08.2021,5.870.741,23.957,0,0,51.976,101,5.491.762,6.941,69.397.144,243.280,0,0,0,0,0,0
07.08.2021,5.895.841,25.100,0,0,52.088,112,5.498.520,6.758,69.643.181,246.037,0,0,0,0,0,0
08.08.2021,5.918.540,22.699,0,0,52.196,108,5.504.355,5.835,69.882.818,239.637,0,0,0,0,0,0
09.08.2021,5.942.271,23.731,0,0,52.313,117,5.511.720,7.365,70.128.071,245.253,0,0,0,0,0,0
10.08.2021,5.968.868,26.597,0,0,52.437,124,5.526.674,14.954,70.392.718,264.647,0,0,0,0,0,0
11.08.2021,5.996.224,27.356,0,0,52.565,128,5.543.037,16.363,70.670.981,278.263,0,0,0,0,0,0
12.08.2021,6.018.485,22.261,0,0,52.703,138,5.558.722,15.685,70.952.516,281.535,0,0,0,0,0,0
13.08.2021,6.039.857,21.372,0,0,52.860,157,5.575.214,16.492,71.237.758,285.242,0,0,0,0,0,0
14.08.2021,6.059.806,19.949,0,0,53.005,145,5.590.578,15.364,71.522.705,284.947,0,0,0,0,0,0
15.08.2021,6.078.653,18.847,0,0,53.159,154,5.605.004,14.426,71.803.889,281.184,0,0,0,0,0,0
16.08.2021,6.096.816,18.163,0,0,53.324,165,5.621.646,16.642,72.091.836,287.947,0,0,0,0,0,0
17.08.2021,6.118.508,21.692,0,0,53.507,183,5.636.282,14.636,72.386.397,294.561,0,0,0,0,0,0
18.08.2021,6.138.452,19.944,0,0,53.675,168,5.651.819,15.537,72.681.603,295.206,0,0,0,0,0,0
19.08.2021,6.157.772,19.320,0,0,53.891,216,5.666.562,14.743,72.974.141,292.538,0,0,0,0,0,0
20.08.2021,6.177.690,19.918,0,0,54.095,204,5.682.123,15.561,73.267.393,293.252,0,0,0,0,0,0
21.08.2021,6.197.041,19.351,0,0,54.327,232,5.695.286,13.163,73.550.250,282.857,0,0,0,0,0,0
22.08.2021,6.215.663,18.622,0,0,54.533,206,5.708.549,13.263,73.815.446,265.196,0,0,0,0,0,0
23.08.2021,6.234.520,18.857,0,0,54.765,232,5.724.382,15.833,74.097.974,282.528,0,0,0,0,0,0
24.08.2021,6.253.711,19.191,0,0,54.995,230,5.739.755,15.373,74.391.011,293.037,0,0,0,0,0,0
25.08.2021,6.273.681,19.970,0,0,55.212,217,5.756.406,16.651,74.687.722,296.711,0,0,0,0,0,0
26.08.2021,6.293.297,19.616,0,0,55.469,257,5.771.611,15.205,74.984.790,297.068,0,0,0,0,0,0
27.08.2021,6.311.637,18.340,0,0,55.713,244,5.786.139,14.528,75.280.437,295.647,0,0,0,0,0,0
28.08.2021,6.329.549,17.912,0,0,55.958,245,5.798.314,12.175,75.570.623,290.186,0,0,0,0,0,0
29.08.2021,6.346.881,17.332,0,0,56.213,255,5.809.710,11.396,75.857.048,286.425,0,0,0,0,0,0
30.08.2021,6.366.438,19.557,0,0,56.458,245,5.823.111,13.401,76.140.298,283.250,0,0,0,0,0,0
31.08.2021,6.388.331,21.893,0,0,56.710,252,5.837.217,14.106,76.437.465,297.167,0,0,0,0,0,0
01.09.2021,6.412.277,23.946,0,0,57.000,290,5.852.381,15.164,76.740.334,302.869,0,0,0,0,0,0
02.09.2021,6.435.773,23.496,0,0,57.283,283,5.872.385,20.004,77.045.381,305.047,0,0,0,0,0,0
03.09.2021,6.458.630,22.857,0,0,57.559,276,5.886.912,14.527,77.349.911,304.530,0,0,0,0,0,0
04.09.2021,6.478.663,20.033,0,0,57.837,278,5.906.376,19.464,77.633.296,283.385,0,0,0,0,0,0
05.09.2021,6.498.054,19.391,0,0,58.106,269,5.930.665,24.289,77.912.359,279.063,0,0,0,0,0,0
06.09.2021,6.519.016,20.962,0,0,58.377,271,5.959.992,29.327,78.213.523,301.164,0,0,0,0,0,
07.09.2021,6.521.692,23.638,0,0,58.651,274,5.994.394,34.402,78.518.387,304.864,0,0,0,0,0,0
08.09.2021,6.566.568,23.914,0,0,58.913,262,6.024.497,30.103,78.826.824,308.437,0,0,0,0,0,0
09.09.2021,6.590.414,23.846,0,0,59.170,257,6.055.819,31.322,79.141.617,314.793,0,0,0,0,0,0
10.09.2021,6.613.976,23.562,0,0,59.384,214,6.090.902,35.083,79.460.452,318.835,0,0,0,0,0,0
11.09.2021,6.636.899,22.923,0,0,59.643,259,6.121.046,30.144,79.774.498,314.046,0,0,0,0,0,0
12.09.2021,6.658.251,21.352,0,0,59.886,243,6.146.662,25.616,80.085.044,310.546,0,0,0,0,0,0
13.09.2021,6.682.864,24.613,0,0,60.117,231,6.172.714,26.052,80.404.154,319.110,0,0,0,0,0,0
14.09.2021,6.710.666,27.802,0,0,60.393,276,6.201.905,29.191,80.738.689,334.535,0,0,0,0,0,0
15.09.2021,6.738.890,28.224,0,0,60.641,248,6.230.441,28.536,81.079.693,341.004,0,0,0,0,0,0
16.09.2021,6.767.008,28.118,0,0,60.903,262,6.262.690,32.249,81.422.835,343.142,0,0,0,0,0,0
17.09.2021,6.794.700,27.692,0,0,61.140,237,6.285.887,23.197,81.764.689,341.854,0,0,0,0,0,0
18.09.2021,6.820.861,26.161,0,0,61.361,221,6.309.910,24.023,82.099.933,335.244,0,0,0,0,0,0
19.09.2021,6.847.259,26.398,0,0,61.574,213,6.337.070,27.160,82.438.806,338.873,0,0,0,0,0,0
20.09.2021,6.874.947,27.688,0,0,61.805,231,6.365.019,27.949,82.785.241,346.435,0,0,0,0,0,0
21.09.2021,6.904.285,29.338,0,0,62.065,260,6.388.380,23.361,83.140.095,354.854,0,0,0,0,0,0
22.09.2021,6.932.453,28.168,0,0,62.307,242,6.411.476,23.096,83.491.750,351.655,0,0,0,0,0,0
23.09.2021,6.960.297,27.844,0,0,62.524,217,6.432.743,21.267,83.847.882,356.132,0,0,0,0,0,0
24.09.2021,6.987.494,27.197,0,0,62.745,221,6.453.201,20.458,84.203.108,355.226,0,0,0,0,0,0
25.09.2021,7.013.639,26.145,0,0,62.938,193,6.472.400,19.199,84.545.253,342.145,0,0,0,0,0,0
26.09.2021,7.039.500,25.861,0,0,63.166,228,6.497.275,24.875,84.886.474,341.221,0,0,0,0,0,0
27.09.2021,7.066.688,27.188,0,0,63.372,206,6.522.435,25.160,85.239.798,353.324,0,0,0,0,0,0
28.09.2021,7.095.580,28.892,0,0,63.611,239,6.552.771,30.336,85.596.459,356.661,0,0,0,0,0,0
29.09.2021,7.124.966,29.386,0,0,63.838,227,6.583.789,31.018,85.951.901,355.442,0,0,0,0,0,0
30.09.2021,7.154.070,29.104,0,0,64.054,216,6.615.908,32.119,86.309.754,357.853,0,0,0,0,0,0
01.10.2021,7.182.943,28.873,0,0,64.264,210,6.642.132,26.224,86.666.106,356.352,0,0,0,0,0,0
02.10.2021,7.210.916,27.973,0,0,64.467,203,6.664.242,22.110,87.018.268,352.162,0,0,0,0,0,0
03.10.2021,7.238.267,27.351,0,0,64.661,194,6.686.246,22.004,87.366.730,348.462,0,0,0,0,0,0
04.10.2021,7.267.077,28.810,0,0,64.909,248,6.719.398,33.152,87.718.944,352.214,0,0,0,0,0,0
05.10.2021,7.296.879,29.802,0,0,65.137,228,6.751.667,32.269,88.074.508,355.564,0,0,0,0,0,0
06.10.2021,7.327.317,30.438,0,0,65.373,236,6.783.080,31.413,88.432.572,358.064,0,0,0,0,0,0
07.10.2021,7.357.336,30.019,0,0,65.590,217,6.815.320,32.240,88.794.724,362.152,0,0,0,0,0,0
08.10.2021,7.387.537,30.201,0,0,65.778,188,6.843.487,28.167,89.154.839,360.115,0,0,0,0,0,0
09.10.2021,7.416.182,28.645,0,0,65.984,206,6.867.704,24.217,89.503.695,348.856,0,0,0,0,0,0
10.10.2021,7.444.552,28.370,0,0,66.180,196,6.893.476,25.772,89.847.975,344.280,0,0,0,0,0,0
11.10.2021,7.475.115,30.563,0,0,66.368,188,6.927.337,33.861,90.202.990,355.015,0,0,0,0,0,0
12.10.2021,7.508.975,33.860,0,0,66.605,237,6.957.447,30.110,90.560.626,357.636,0,0,0,0,0,0
13.10.2021,7.540.223,31.248,0,0,66.841,236,6.987.778,30.331,90.921.790,361.164,0,0,0,0,0,0
14.10.2021,7.570.932,30.709,0,0,67.044,203,7.014.239,26.461,91.284.007,362.217,0,0,0,0,0,0
15.10.2021,7.601.626,30.694,0,0,67.225,181,7.039.752,25.513,91.647.543,363.536,0,0,0,0,0,0
16.10.2021,7.630.163,28.537,0,0,67.437,212,7.065.363,25.611,92.004.710,357.167,0,0,0,0,0,0
17.10.2021,7.654.277,24.114,0,0,67.623,186,7.089.766,24.403,92.346.136,341.426,0,0,0,0,0,0
18.10.2021,7.683.517,29.240,0,0,67.837,214,7.116.305,26.539,92.697.301,351.165,0,0,0,0,0,0
19.10.2021,7.714.379,30.862,0,0,68.060,223,7.143.657,27.352,93.058.150,360.849,0,0,0,0,0,0
20.10.2021,7.744.139,29.760,0,0,68.274,214,7.172.460,28.803,93.419.500,361.350,0,0,0,0,0,0
21.10.2021,7.772.604,28.465,0,0,68.472,198,7.201.620,29.160,93.781.713,362.213,0,0,0,0,0,0
22.10.2021,7.800.796,28.192,0,0,68.700,228,7.231.922,30.302,94.145.266,363.553,0,0,0,0,0,0
23.10.2021,7.827.013,26.217,0,0,68.917,217,7.259.585,27.663,94.496.450,351.184,0,0,0,0,0,0
24.10.2021,7.851.805,24.792,0,0,69.112,195,7.283.988,24.403,94.834.986,338.536,0,0,0,0,0,0
25.10.2021,7.879.468,27.663,0,0,69.344,232,7.314.812,30.824,95.186.138,351.152,0,0,0,0,0,0
26.10.2021,7.909.111,29.643,0,0,69.559,215,7.346.279,31.467,95.542.774,356.636,0,0,0,0,0,0
27.10.2021,7.936.007,26.896,0,0,69.769,210,7.376.821,30.542,95.898.721,355.947,0,0,0,0,0,0
28.10.2021,7.961.535,25.528,0,0,69.998,229,7.404.472,27.651,96.253.301,354.580,0,0,0,0,0,0
29.10.2021,7.985.944,24.409,0,0,70.207,209,7.435.318,30.846,96.604.674,351.373,0,0,0,0,0,0
30.10.2021,8.009.040,23.096,0,0,70.410,203,7.463.950,28.632,96.948.837,344.163,0,0,0,0,0,0
31.10.2021,8.032.988,23.948,0,0,70.611,201,7.490.125,26.175,97.296.199,347.362,0,0,0,0,0,0
01.11.2021,8.061.666,28.678,0,0,70.828,217,7.519.421,29.296,97.652.842,356.643,0,0,0,0,0,0
02.11.2021,8.091.462,29.796,0,0,71.052,224,7.549.258,29.837,98.014.375,361.533,0,0,0,0,0,0
03.11.2021,8.121.226,29.764,0,0,71.298,246,7.582.624,33.366,98.377.613,363.238,0,0,0,0,0,0
04.11.2021,8.150.708,29.482,0,0,71.526,228,7.617.367,34.743,98.740.445,362.832,0,0,0,0,0,0
05.11.2021,8.178.901,28.193,0,0,71.724,198,7.649.568,32.201,99.101.867,361.422,0,0,0,0,0,0
06.11.2021,8.206.375,27.474,0,0,71.927,203,7.680.152,30.584,99.460.193,358.326,0,0,0,0,0,0
07.11.2021,8.231.679,25.304,0,0,72.127,200,7.709.004,28.852,99.807.976,347.783,0,0,0,0,0,0
08.11.2021,8.259.503,27.824,0,0,72.314,187,7.737.259,28.255,100.165.808,357.832,0,0,0,0,0,0
09.11.2021,8.288.165,28.662,0,0,72.510,196,7.766.118,28.859,100.525.368,359.560,0,0,0,0,0,0
10.11.2021,8.315.424,27.259,0,0,72.713,203,7.793.631,27.513,100.883.619,358.251,0,0,0,0,0,0
11.11.2021,8.340.322,24.898,0,0,72.910,197,7.817.991,24.360,101.239.623,356.004,0,0,0,0,0,0
12.11.2021,8.363.959,23.637,0,0,73.127,217,7.843.155,25.164,101.593.910,354.287,0,0,0,0,0,0
13.11.2021,8.386.542,22.583,0,0,73.342,215,7.868.409,25.254,101.941.336,347.426,0,0,0,0,0,0
14.11.2021,8.408.166,21.624,0,0,73.531,189,7.888.959,20.550,102.287.978,346.642,0,0,0,0,0,0
15.11.2021,8.432.018,23.852,0,0,73.746,215,7.914.217,25.258,102.638.911,350.933,0,0,0,0,0,0
16.11.2021,8.457.119,25.101,0,0,73.973,227,7.941.664,27.447,102.995.425,356.514,0,0,0,0,0,0
17.11.2021,8.480.986,23.867,0,0,74.202,229,7.970.207,28.543,103.354.209,358.784,0,0,0,0,0,0
18.11.2021,8.503.220,22.234,0,0,74.428,226,7.999.745,29.538,103.711.432,357.223,0,0,0,0,0,0
19.11.2021,8.527.030,23.810,0,0,74.646,218,8.028.494,28.749,104.067.995,356.563,0,0,0,0,0,0
20.11.2021,8.550.377,23.347,0,0,74.847,201,8.057.657,29.163,104.420.330,352.335,0,0,0,0,0,0
21.11.2021,8.571.554,21.177,0,0,75.042,195,8.091.947,34.290,104.770.493,350.163,0,0,0,0,0,0
22.11.2021,8.596.410,24.856,0,0,75.235,193,8.120.882,28.935,105.131.498,361.005,0,0,0,0,0,0
23.11.2021,8.624.580,28.170,0,0,75.443,208,8.150.235,29.353,105.496.910,365.412,0,0,0,0,0,0
24.11.2021,8.652.172,27.592,0,0,75.618,175,8.178.520,28.285,105.861.261,364.351,0,0,0,0,0,0
25.11.2021,8.676.639,24.467,0,0,75.840,222,8.208.159,29.639,106.224.304,363.043,0,0,0,0,0,0
26.11.2021,8.700.641,24.002,0,0,76.041,201,8.233.500,25.341,106.585.533,361.229,0,0,0,0,0,0
27.11.2021,8.724.400,23.759,0,0,76.233,192,8.258.603,25.103,106.943.807,358.274,0,0,0,0,0,0
28.11.2021,8.746.055,21.655,0,0,76.446,213,8.278.610,20.007,107.294.192,350.385,0,0,0,0,0,0
29.11.2021,8.770.372,24.317,0,0,76.635,189,8.301.883,23.273,107.653.008,358.816,0,0,0,0,0,0
30.11.2021,8.795.588,25.216,0,0,76.842,207,8.326.381,24.498,108.012.428,359.420,0,0,0,0,0,0